ID	post
SAP_10011	Guys I have a question: when a gay couple gets married Who makes the sandwiches?
SAP_10036	Heard this from a 12 year old: 'Whats the difference between black people and apples?' I like apples
SAP_10045	Friend: how dark is your humor? Me: If you whip it enough, it will start picking cotton.
SAP_10051	What do you say to a black guy in a three piece suit? Will the defendant please rise
SAP_10085	how do you call a black man you call his cell number
SAP_10097	What is an Ethiopian's favorite videogame? Don't Starve
SAP_10107	How do you get 11 million followers? Run through Africa with a bottle of water.
SAP_10131	Wanna hear my favorite oximoron? Black people.
SAP_10137	What do you call it when a black person hides from a cop at night? Good use of camouflage.
SAP_10143	What does a black woman receive when she has an abortion? A thank you letter from welfare.
SAP_10161	My boyfriend is half black. Sorry, I’m such a pessimist. He’s half white.
SAP_10182	What's the one good thing about black people? They provide jobs for the prison guards
SAP_10192	I'm not racist racism is a crime, and crime is for black people.
SAP_10223	What do you call a black person with rights? Nonexistent
SAP_10233	Why do black people turn left? Because they don't have rights.
SAP_10281	What's the only time you wink at a black person ? When you're aiming.
SAP_10289	How do you track a Cherokee. Follow the tears.
SAP_10301	Did they try turning Stephen Hawking off and on again?
SAP_10307	Today, I bought a Rolex from a black guy for a bargain. I would even say it was almost a steal.
SAP_10313	Researchers found out the most important difference between humans and apes Apes lives in Africa
SAP_10346	What's black, white and rolls around on the beach? A black man and a seagull fighting over a chip.
SAP_10375	What's the difference between Batman and a black man? Batman can go out at might without robin.
SAP_10392	What do we call marijuana addicts? Mexicans.
SAP_10405	What part of a vegetable cant you eat? The wheelchair
SAP_10411	A Muslim man said “Allah Akbar” But I thought he was sneezing so I said “god bless you” and I was blown away by his reaction.
SAP_10424	Homeless Where do Western Hobo's go for food?  Food shelter   Where do Asian Hobo's go for food?  Dog shelters
SAP_10435	How black mothers keep their children from biting their nails? they make them wear shoes
SAP_10461	What do you call 1 black person on the moon? A problem  What do you call 2 black people on the moon?  A problem  What do you call the entire population of black people on the moon?  Problem solved!
SAP_10475	How do you start an african rave? Staple toast to the ceiling.
SAP_10481	Special ed classes are superior to the rest in, at least, one thing Chromosome average
SAP_10501	How do you make a baby explode You convert it to islam
SAP_10507	There was this great German Hotel that closed down in 1945. It gave free food and free hairdo's. It was called Aushwitz.
SAP_10511	"Why do epileptics bexome atheists in December? Because they found out that ""Jesus is the reason for the seizin'"""
SAP_10549	What should you never give a dyslexic person for breakfast? Alpha-bits
SAP_10554	What do you call a black man that has eight arms? I don't know, but it picks cotton really fast!
SAP_10560	I painted my computer black to make it run faster It shot me
SAP_10576	Women deserve equal rights. And Other Hilarious Jokes You Can Tell Yourself
SAP_10582	What’s the difference between a Jew and a bullet? Only one escapes the chamber.
SAP_10598	"I think its wrong to refer to a negro as ""boy"" That implies they are people."
SAP_10604	Teeth are like people All want to be white, most are yellow and the black ones don't work
SAP_10616	Criminals are like just normal, regular people... ... But with darker skin.
SAP_10622	Why was six afraid on seven? Because seven is black
SAP_10628	Why shouldn't men hit their wives ? When you damage your property it loses value.
SAP_10634	"my african friend asked me if he could ask for bob and vegene i told him ""u better ask for food"""
SAP_10638	what did the african kid get for christmas aids
SAP_10651	What's the difference between homeless people and rats? Nothing, they both are infestations to big cities
SAP_10678	Why is Mexico so bad at the Olympics? Because every mexican that can run, jump and climb is allready on the U.S.A
SAP_10684	Black people are like mitochondria They're the powerhouse of the cell
SAP_10690	I studied zoology It helped me better understand black people and their behavior
SAP_10705	:D @nkrause11 Dudes who go to culinary school: #why #findawife #notsexist :)
SAP_10712	"Yeah, child labor IS illegal. Unless you mean ""women""? @plaster_cole Girls should not be allowed to be commentators for football games"
SAP_10734	Too bad they won't take you! @the_CRISPY_man Call me sexist all you want, but I'll take a woman who can cook over one who can't ANY DAY
SAP_10738	You're pure comedy to the WNBA. @itsshaqhoe Not sexist but WNBA is pure comedy to me .
SAP_10756	Has to be a parody account. @TheHout I'm not sexist, but women just shouldn't be sports announcers.
SAP_10768	Listen, you're sexist. @TommyJohn15 Listen, I'm not sexist, but every dumbass driver I've crossed lately has been a female.
SAP_10809	Wish I could reply with gifs. @ThisIsFNW I hate when women want to be men. It's not sexist, it's biology. Were just different, accept it.
SAP_10836	*most boys @ihatethiskid I'm not sexist but all the internet does is show that most girls don't know how to form their own opinions.
SAP_10848	Yes, you're both. @kfuru16: My sister is a woman and Asian. She is the worst driver in America #notracist #notsexist
SAP_10870	Turn up your hearing aid? A thought @C_tWINO I'm not sexist but it's nearly impossible to listen to a girl talking about football on ESPN
SAP_10882	LOL EDGY @ein_schoner_tag @shedevil___ @ahptik im not sexist but why are women allowed opinions lol
SAP_10903	I'm not a Misandrist but Males in General can not Capitalize @g0ldenWan I'm not Sexist , but Females in General can not Drive.
SAP_10930	TELL ME MORE @ohthatliamm I'm not sexist but I don't think I actually find any female comedian funny
SAP_11264	IRONY IS FUCKING DEAD @ibustos123 Im not sexist but feminists are the most annoying people out there.
SAP_11293	WOW TOP SHELF HUMOR @arabdizzle What's the point in having a cleaning lady when I have a mom and a sister? #NotSexist
SAP_11361	why do jews get circumcised ? jewish women wo n't touch anything that is n't <number> off .
SAP_11369	what is a muslim 's favourite band ? the taliband , their performances always blows the audience away
SAP_11375	how do you prevent black people from stealing your stuff ? hide it at the bottom of the pool
SAP_11382	i like my lakes like i like my white men . superior .
SAP_11395	black people are like tires they work better with chains
SAP_11438	"a muslim couple just got married it is working out well enough , but the husband will not let his wife drive for at least <number> years . one day the wife go 's up to him and asks why she must wait such a long time . he replies "" oh well , to get your drivers licence in this country you must be <number> years or older """
SAP_11446	what do you call a good looking muslim ? asif
SAP_11459	what do you call a black woman who 's had <number> abortions ? a crime fighter
SAP_11467	why did a black man cross the road ? hey ! gimme back my wallet !
SAP_11473	how do you fit a group of jews into a mercedes ? <number> in the front , <number> in the back and <number> in the ashtray .
SAP_11484	important sometimes it is very important if a sentence was said by a man or a woman . a good example : “ i used a whole pack of tissues during that awesome movie yesterday ! ”
SAP_11497	what do you call a woman who thinks she can do anything a man can do ? wrong .
SAP_11510	bad drivers are fined $ <number> now that s just sexist .
SAP_11524	cooking is an important skill . cook for an african man , and he will be hungry for a day less . cook an african man , and all the nearby african men will be hungry for a day less . -- some tribe leader
SAP_11526	wanna be like hitler , but have no oven ? throw a penny off a cliff .
SAP_11532	i painted my laptop black so it would run faster . <repeat> and now it wo n't work
SAP_11546	what do you call an ethiopian with buck teeth ? a rake .
SAP_11568	some people say i do n't let my wife choose anything , but that 's not true ! i let her choose between front hand and back hand .
SAP_11579	you want to hear a joke ? women 's rights
SAP_11591	what does a muslim do with their iphone <number> ? just kidding ! they prefer the note <number>
SAP_11595	what 's the difference between batman and a black man ? batman can go to the store without robin .
SAP_11600	what 's the difference between a boko haram training camp and a nigerian refugee camp ? i do n't know , i just fly the fighter jet .
SAP_11606	what do you do when someone is having a seizure in the bath ? throw a load of dirty laundry in .
SAP_11619	why are women like clouds ? because they dampen your day when they 're around but once they 're gone the day is much better .
SAP_11623	what is the difference between a homosexual and a mentally ill person ? nothing .
SAP_11637	how can you tell if a shark met an asian ? its fins are missing .
SAP_11641	how many times can you screw a blonde ? i do n't know , how much time you got ?
SAP_11648	what do you give an african child for its first birthday ? roses on its grave .
SAP_11663	"pink shutters a man walked into a whore house and asked the man running it to give him the biggest black woman that the whore house had . the man at the counter said alright that will be <number> and told him to go to room <number> the man went up to room <number> and the biggest black woman he had ever seen answered the door . the man walked in and asked the woman to take off all her clothes , lay on the bed and spread her legs . <repeat> she did as she was told , the man stood there and just looked at her for a minute , then he said ok i m finished you can put your clothes back on . <repeat> the woman got up and was confused as she asked , "" why did nt you do anyting ? "" the man replied . <repeat> well i am painting my house brown and i wanted to see what it looked like with pink shutters"
SAP_11668	darth vader … was the first black guy to freely admit to being the father .
SAP_11688	why are the japanese so skinny ? it did n't end very well for them the last time a fat man was in their country .
SAP_11695	what 's with all the recent terror attacks ? its ramadan . and you 're not you when you 're hungry .
SAP_11712	what do you call an ethiopian with a yeast infection ? a quarter pounder with cheese .
SAP_11716	what 's the difference between a black man and a lawn decoration ? a footstool and some rope .
SAP_11721	what 's black and screams ? stevie wonder answering the iron .
SAP_11725	how do you find a black person ? guilty
SAP_11749	"a black guy goes to a doctor 's office to get a vasectomy . he shows up in a limo wearing a tuxedo . when it 's his turn , the doctor looks at him and says , "" i 've seen a lot of things , but i 've never seen a guy coming in all dressed up like that ! "" and the black guy says , "" well , if i 'm gon na be im - po - tent , i 'm gon na look im - po - tent ! """
SAP_11755	who 's visiting millions of african children every year on christmas eve ? death .
SAP_11759	cripples what do you call three people in wheelchairs stacked on top of each other ? a vegetable rack .
SAP_11788	what s the difference between a black person and a colorful explosion in the sky ? fire works
SAP_11835	what happened to the girl who had a black heart ? cardiac arrest .
SAP_11845	what 's the same about feminism and the holocaust ? they 're both irrelevant and mean nothing to society .
SAP_11856	if your dog is barking at the back door and your wife is yelling at the front door , who do you let in first ? the dog because he shuts up after you let him in .
SAP_11860	i ca nt wait for harriet tubman to be on the $ <number> bill i can finally use black people as currency again .
SAP_11871	if you donate just <number> pound a month . . . you can help us make another advert with sad looking african children in it .
SAP_11879	why are black people so good at excel ? they know a lot about cells
SAP_11885	i 'm not racist there are black people in my family tree .
SAP_11893	why should you never marry a jewish woman ? when dinner time comes , they 're too scared to get near the oven
SAP_11911	daddy , am i more black or muslim ? - why are you asking , son ? - there is a bank on the <number> h floor of a new building , and i do n't know whether to rob it or fly a plane into it .
SAP_11921	from what i understand most major religions all pray to the same god . after tragedies often i hear ' god has a plan ' well , frankly i think they are right . like after sandy hook , you know , like <number> kids were murdered . that was part of gods plan . i mean , how else is he going to keep coming up with virgins for the suicide bombers .
SAP_11941	what do you call a sheet of metal leaning on a tree ? free aboriginal housing .
SAP_11948	what do you call a homosexual on rollerblades ? rolaids
SAP_11956	i like my women the way i like my fish . . . battered .
SAP_11995	what 's the difference between harry potter and jews ? harry escaped the chamber
SAP_12007	so i almost dated this cute muslin chick in middle school but after her social media phase , she kinda blew up . <repeat>
SAP_12013	how many feminists does it take to change a light bulb ? feminists ca n't change anything .
SAP_12017	why do black people like the pokemon anime ? because they can relate to the main character 's fatherlessness .
SAP_12026	what do you call a letter from a feminist ? hate male
SAP_12030	what is ironic about the lgbt <allcaps> flag ? all the colors are straight .
SAP_12039	why did they plant trees in harlem ? for free public transit .
SAP_12043	woman : what were the results from the test ? doctor : there are good news and bad news , the good news is that your child will always find a parking space
SAP_12049	did you hear about the woman who got hit by a car ? police are questioning why she was out of the kitchen .
SAP_12058	if a muslim beats his wife is it domestic violence or child abuse ?
SAP_12060	what happens when you boil a cabbage ? i do n't know , a japanese guy stabbed him before i could find out .
SAP_12064	"offensive joke . well , i hope anyway a little black jewish boy says to his daddy , "" dad am i more black or jewish ? "" "" why do you ask ? "" , says the dad . the boy says , "" well a guy at school has a bike for sale for $ <number> and i ca n't decide if i want to haggle him down to $ <number> or just steal it . """
SAP_12077	what do you call a muslim at a peace rally ? lost .
SAP_12083	what s the difference between a passed out college chick and a pickle jar i ca nt fit my fist in a pickle jar
SAP_12094	what would be another name for black lives matter ? rise of the planet of the apes .
SAP_12107	jews what 's the best jew joke ever ? the holocaust
SAP_12117	what 's the best way to wash down five hundred chocolates ? katrina .
SAP_12127	what 's the difference between feminists and hockey players ? hockey players shower after <number> periods .
SAP_12131	what 's the hardest part about being a muslim ? pilot school
SAP_12137	"the prophet mohammed and his wife walk into a pub and the barman says , "" sorry , mo , kids have to stay outside in the garden . """
SAP_12141	how did the jewish kid cheat on his math test ? he used the numbers on his arm .
SAP_12151	what 's the meanest thing you can do to a blind person ? give them a cheese grater to read .
SAP_12162	i fuck my wife the same way islam fucks muslims . <repeat> <number> times a day and she has to face me while being submissive .
SAP_12172	why is jesus probably black ? because he can not tell who was his real father .
SAP_12176	why were all of the inner - city schools changed into conservatories for the arts ? people realized that the only way a negro could be successful is by playing jazz , singing , dancing , or playing sports so they decided not to waste money by teaching them things that would n’t prepare them for the real world .
SAP_12180	volkswagen gas emissions scandal . the germans are still trying to gas us .
SAP_12183	let 's be honest here . <repeat> the real reason why the great irish potato famine happened was because the irish figured out that they could also eat the potatoes .
SAP_12189	a gay muslim walks into a bar . <repeat> he ordered shots for everyone .
SAP_12206	what do you call a smart black person ? nonexistent .
SAP_12210	a man walks into a bar and asks for an obscure beverage : ' hey , do you serve blacks lager by any chance ? ' the waiter replies : ' no we do n't ' the man says : ' yeah neither would i they start throwing their shit at each other after a pint or two '
SAP_12216	why are the black man 's eyes always red after sex ? the mace .
SAP_12220	why do nt jews like the internet ? because they always got roasted by nazis
SAP_12238	what did hitler say to the defeated jewish cowboy ? reich for the sky !
SAP_12264	"shopkeeper runs the numbers . fifteen skinheads chased a pakistani into a shop and proceed to kick seven flavours of shit out of him . eventually , the police arrived and arrested everyone . one of the coppers walked over to the shop assistant and asked if he saw it all happen . when the clerk replied , "" yes , "" the cop asked why he did n't help out . "" i thought fifteen was enough , "" came the reply ."
SAP_12270	the young homeless girl was delighted when i asked if i could take her home . she was n't too excited when i walked off with her cardboard box .
SAP_12278	you can tell a lot about a man by the car he drives for example , if it 's a black man , it 's not his car .
SAP_12302	how to pick up chicks how do you pick up a black chick ? noose . how do you pick up a mexican chick ? border patrol . how do you pick up a muslim chick ? body bag . how do you pick up a jewish chick ? dustpan and brush . how do you pick up white chicks ? flunitrazepam .
SAP_12331	jewish jokes what 's the difference between a jew and a stiff nipple . <repeat> othing because they both disappear after hot shower
SAP_12353	what 's a mexicans favourite sport ? cross country
SAP_12362	what do you get when you cross a black man and an octopus ? i do n't know but it 's damn good at picking cotton .
SAP_12380	what do you call a mentally handicapped jew ? aushwistic .
SAP_12387	i got arrested for killing a black man . they charged me for impersonating a police officer .
SAP_12391	"i knew a guy who died in a terrorist attack . <repeat> his last words were "" allahu akbar """
SAP_12393	i guess bradley manning really is a woman i mean , how else could he fuck up killing himself ?
SAP_12414	i like my women like my wine aged <number> years and stored in the cellar
SAP_12420	why are aspirins white ? because they work
SAP_12431	how do you make a jew prematurely ejaculate ? pay for dinner
SAP_12445	is the glass half full or half empty ? i really do n't know , because there 's different ways to look at it : - optimism : the glass is half full . - pessimism : the glass is half empty . - feminism : the glass is raping me .
SAP_12453	what is the difference between a feminist and a suicide vest ? i can turn on a suicide vest .
SAP_12468	what 's the difference between a jew and a bullet ? a bullet can escape the chamber
SAP_12476	"what phrase do black men always love to hear ? "" you are not <allcaps> the father ! """
SAP_12521	how do you starve a black man . <repeat> put his food stamps under his work boots .
SAP_12541	you loose your black friend in the dark , where do you lose your muslim friend ? in an explosion
SAP_12555	what 's the worst thing about being told you have alzheimer 's ? it dosen't happen at once
SAP_12557	what 's black and white and rolls down a hill ? a maori and a seagull fighting over a fish head .
SAP_12571	fat chicks . <repeat> make uggs look like socks .
SAP_12588	why do negros dance to the left ? because they have no rights .
SAP_12594	what is the difference between a black person and a bench ? at least a bench can support a family
SAP_12605	a black woman has seven sons ; jerome , jerome , jerome , jerome , jerome , jerome and jerome . how does she distinguish between them ? by their last names .
SAP_12617	how do you pickup a jewish girl ? broom and dustpan .
SAP_12629	what is the usual woman 's response to a black guy 's pickup line ? rape ! <allcaps>
SAP_12653	my weed is like the qur'an . <repeat> i burn it until i get stoned .
SAP_12678	what do you call a muslim feminist ? dead .
SAP_12688	"so the federal government said we are no longer allowed to call people from indiana "" indianians "" . <repeat> now we must refer to them as "" indyots "" ."
SAP_12694	why do black people take so long to check out at the grocery store ? mixers in one transaction , booze in the other
SAP_12704	alabama where eharmony and ancestry are the same website .
SAP_12714	when i was in t - ball as a kid , i could tell my coach was catholic as soon as i joined the team from the way he molested me the same way my priest did . i mean like to a t.
SAP_12743	Girls I have dated can never estimate measurements. Just make sure you never date a female carpenter.
SAP_12753	"I wish GPS' had an avoid ghetto"" setting!"""
SAP_12757	That place was infested with black people.
SAP_12763	Sorry , that must be my Black coming out.
SAP_12773	Some guy in my school started talking that way randomly, along with some other effeminate mannerism. Funny, when he came out and we all just said we know. [...] I read somewhere that your true accent is the accent you speak when you are drunk or angry as the cognitive load present in putting on a fake accent vanishes or weakens
SAP_12778	I just don't understand it. I think you must just be doing it for attention. When this phase is over and you go back to putting effort into your appearance, you can be treated with respect.
SAP_12786	Don't worry about Mr. ________. He's just extremely Jewish.
SAP_12800	She should be the employeer, and she needs to be a Mexican looking for a cleaning job.
SAP_12809	"Old woman:: ""Schools shouldn't offer free lunches to kids, since that means their parents just take advantage, and don't bother trying to find jobs to support their kids."" Me:: ""So you think we should allow kids to starve?!"" Woman's husband:: ""You see [myname], if you give them handouts, these people don't work. When I got out of high school, if you wanted to eat, you had to find a job. Nobody has any work ethic anymore."" At a party. Made me feel like I was talking to a compassion-less brick wall."
SAP_12823	Person cutting my hair:: So are you seeing anyone? Me:: Not since things ended with my last boyfriend. It was complicated, he was from Afghanistan... Person cutting my hair:: And he was a terrorist? I was going to say that a close family member had died in a bombing and he had to go back to Kabul. But I guess terrorist works?
SAP_12832	You're pretty for a black girl.
SAP_12850	She's a girl, of course she has mood swings.
SAP_12854	There's African Americans and then there's black people. There's a difference. Like, Oprah is an African American, but some random black guy off the street doesn't deserve the title, you know?
SAP_12867	You can't play with them - they don't speak English.
SAP_12874	Surveying gender is easy because there's only male and female.
SAP_12880	But you are too strong to be raped.
SAP_12886	Believe me, my son is NOT gay. He has never once touched a Barbie, he's built like a linebacker, and he's a real man's man.
SAP_12891	No, can you get one of the boys to carry that out? It's too heavy for you.
SAP_12893	Wait, can I catch your Asperger's?
SAP_12905	Bisexual people don't exist. Gay people just say that so they can walk down the hall with a girl holding hands.
SAP_12915	Your mom is Brazilian isn't she? Maybe she could come to the school sometime for gym and teach the class how to dance samba!
SAP_12919	You're a girl. You're not expected to know where it is.
SAP_12947	I'm male, and am asking this question to non-binary identified people. Why do you give so much of a crap? Why can't you just lighten up, let the thread happen, and ignore it?
SAP_12949	Person 1:: That's not your real hair, you're fully black! Person 2:: It's fake, stop trying to convince us that black people can have long hair! Two people in my class talking about my mid-back length curly hair, two weeks ago. I'm a 17 year old Eritrean (East African) female in London. It made me feel disappointed, enraged, but mostly, shocked by their ignorance and outright lack of manners.
SAP_12951	Oh my God! Yea, that shooting at Haas last week was so crazy! I feel like I go to a ghetto school now!
SAP_12966	I like you, you don't act gay.
SAP_12981	Cool story, babe. Now make me a sandwich.
SAP_12985	While talking to a co-worker over our break... Co-Worker:: Why do you have all those State Park brochures? Me:: I want to get into camping. I never did much of that growing up. Co-Worker:: You should find an outdoorsy guy to date! Then he can teach you all that stuff. I am a queer woman who is not interested in men.
SAP_12996	You might want to think about losing weight if you want to get married and have children. Men are very visual creatures.
SAP_12998	No offense, but that's seriously gay.
SAP_13011	I'm not going to screen you for STDs because you aren't really at risk as a lesbian. But then again, I don't really know how you people have sex.
SAP_13017	I SAID A NORMAL NAME......AMERICAN!!
SAP_13021	Lol, Asian gay guys are too girly, I suppose.
SAP_13027	Doctor:: How did this happen? Me:: My mother pushed me down some stairs when I told her that I'm a lesbian. Doctor:: Oh, that's understandable then.
SAP_13041	Walks into a post office to buy stamps. Me (Hmong American):: Hello, I would like to get the pixar stamps. Clerk:: *Takes out Chinese New Year Stamps, while smiling like she made my day* I think you'll like these. Me:: *Looks at her and the stamps...* No, it's okay. I'll just get the pixar ones. Clerk:: *Pushes the stamps forward* Awkward silence of me thinking... Me:: Okay *Buys and walks away* Clerk:: Xie xie WTF?! with a tickle in my tummy... Did this just really happen to me...?
SAP_13052	You only got into [my university] because you're Native American AND Mexican. I had to work harder to get into this same honors program, and that's not fair.
SAP_13058	You mean your boyfriend coded it up in a week!
SAP_13060	Not all gay men are sissies, but all sissies are gay.
SAP_13072	You're going to be the expert on all things African American.
SAP_13074	Co-worker's facebook status:: Not sure how the guy sitting next to me in class can smell so bad and still be alive. First comment:: Is he Indian?
SAP_13084	Find yourself an Asian girl. She'll be more docile.
SAP_13090	Yeah, it's like when black people dye their hair blonde and wear neon colors. It just doesn't work!
SAP_13096	Jihad is one of the Five Pillars of Islam. The whole thing is basically founded on going out and killing people for G-d.
SAP_13106	Don't pick that up, you're a girl. Let one of the boys do that.
SAP_13110	You're actually very pretty. Most dark skinned girls don't have your looks.
SAP_13118	You haven't seen the Godfather movies?! You are not really a man if you haven't seen them.
SAP_13129	Of course I love you, I just prefer the straight part of you to the gay part.
SAP_13131	Doing a Physics degree is no way to get yourself a husband!
SAP_13137	"H&R Block employee when my best friend (who's black) and I went to get our taxes done together:: ""Employed?"" Me:: ""Yes."" H&R:: ""Any children?"" Me:: ""No."" H&R, turns to my friend:: ""Okay, and you. Employed?"" Him:: ""Yes."" H&R:: ""Any children?"" Him:: ""No."" H&R:: ""Are you sure?"" Him:: ""Um..."" H&R:: ""Just checking."" Him:: ""Yes, I'm sure."""
SAP_13142	There are scholarships available solely for black men, black women, only women, Hispanic men and women...but if there was a scholarship that only a white man could apply for, I bet it would cause an uproar. Just sayin'. Is this fair in today's day and age? What did my generation do to oppress any specific group of people? Isn't it time for equality across the board?
SAP_13144	Hahaha, you're so funny! You're not asexual! There's no such thing! Humans are MADE for sex! You just haven't had GOOD sex yet! Someday you'll meet the right guy and you'll want to screw his brains out, and then you'll remember how insane you were to ever say you're asexual!
SAP_13148	So how much Indian ARE you? I mean, you don't look it.
SAP_13161	*gasps* You've NEVER had taiyaki* before? You're not really Japanese!
SAP_13165	So you're really not into men? Like, really really not into men? Are you sure?
SAP_13177	Classmate:: So, which one of your parents is black and which is white? Me:: My mom is white and my dad is black. Classmate:: (trying to by funny) So, your mom was a rape victim? I was 17 years old.
SAP_13181	I just think that the feminist movement glorifies obesity. It should focus on being healthy, because what it's doing now is just as bad as the mainstream media!
SAP_13185	I wouldn't call myself a feminist anymore. I think I'm a realist now. I think maybe we're in denial and that men and women aren't necessarily capable of the same things. Maybe women need to make some sacrifices.
SAP_13192	God made Adam and Eve, not Adele and Eve.
SAP_13202	Don't become one of those militant gay people.
SAP_13208	"But there's a difference between black people"" and ""niggers"". You shouldn't deny that until you've been to the South and have seen the difference."""
SAP_13210	Go back to China.
SAP_13219	Female Coworker:: So you're driving cross country? Me:: Yep. FC:: Are you gonna stop at hotels or something? Me:: Nah, like I did before I'll just stop at rest stops when I get too tired and sleep in the car. FC:: Oh, well, do you have any protection? Me:: Uh, sure I guess, I mean I have pepper spray and always carry my pocketknife... FC:: No no, I meant do you have a MAN to protect you. Because obviously women can't defend themselves, and men never get robbed or assaulted...
SAP_13226	Bisexual is a term that gay guys in high school use when they want to hold hands with girls and feel like a normal person for a change.
SAP_13233	That's why black men, like my boyfriend, date us white women. They like REAL hair, real nails, and none of that attitude. Black girls are way too ghetto and too much work.
SAP_13239	Well you know, you are going to have to deal with some uneducatable black kids.
SAP_13251	I wish you'd stop calling me a feminist. I'm not a feminist. It's really insulting. I love all that traditional woman stuff, cooking, cleaning, like that.
SAP_13262	No you can't like him. It's the most disgusting thing to mix a Black and an Asian!
SAP_13275	I didn't know that such a dark girl could be pretty.
SAP_13281	"If the Japs are offended, then screw them. They should have stayed away from Pearl Harbor."" The highest rated comment on a very old and very racist Bugs Bunny cartoon shown on YouTube. 7 macro,race 6 years ago"
SAP_13285	Dad:: So what are you taking next semester? Me:: Intro to philosophy, deductive logic, women and modernism- Dad:: Ha! That's a contradiction right there! Me:: Why? Dad:: Modern women aren't logical!
SAP_13296	Wow, look at all these black kids. Hey, I bet they all have the same dad. All black people are totally related.
SAP_13302	You communicate like a girl, I just don't get it. I'm a guy. You need to just say what you mean!
SAP_13311	I believe in equal rights for gay people, but I wish they wouldn't kiss in public. It's gross.
SAP_13320	Why can't all Black Women wear their hair like yours?
SAP_13329	"After you strip off his makeup and clothes, biologically he's still a man""."""
SAP_13335	While sitting with a friend, observing the art at Museum of Modern Art, a museum security employee approaches us. Employee:: So, where are you from? (to my friend) Lemme guess, Japan? Friend:: Uh, no, Korea. Employee:: Ah, and you... (to me) Where are you from? Puerto Rico? Me:: No, I'm from California. Employee:: Right, but you probably are Puerto Rican. Me:: I'm not. Employee:: Are you sure? You *must* have some Puerto Rican blood in you! Me:: I assure you, I don't.
SAP_13340	I don't know how well this software [facial recognition software] will work in places like Asia because all Chinese people look the same.
SAP_13346	I want to make bumper stickers that say ISLAM IS NOT A PEACEFUL RELIGION and sell them.
SAP_13352	We don't keep eating utensils in the car. That's what FAT FAT FAT people do.
SAP_13364	You're Middle Eastern? Really? It's so good to know there are actually decent Middle Eastern people out there.
SAP_13373	But you're not REALLY disabled. You look so pretty!
SAP_13377	You can't be a person of colour; you're too pale!
SAP_13379	Why are there so many party stores in the ghetto? Like do all the poor people like to celebrate they're poor?
SAP_13383	She always wears such revealing clothing and flirts with all of these guys when we're out. It's just gross and dangerous. I'm not saying that a person deserves to be raped, but...
SAP_13397	Why do you listen to 'Chinese music?' You don't even understand and they all look the same anyways.
SAP_13405	Are you really going to let a GIRL beat you?
SAP_13411	WHY are you Atheist?
SAP_13413	Black Student:: Yeah man us Black people don't do too well in water. White student:: Yeah, yall took advantage of that free boat ride huh? An exchange my friend who attends Lake Forest College overheard.
SAP_13419	Men are just better at some things. That's just the way it is. Like men are better at driving cars or flying airplanes. But you sure look pretty.
SAP_13425	I play as a black character sometimes and it never bothers me.
SAP_13433	My daughter said, 'Mom, I hate Mexicans!' I told her you can't judge all Mexicans because of one but, you can say they are all short.
SAP_13439	I'm all for women's rights and freedom and whatever, as long as they still put out.
SAP_13445	Teacher :: Black men are naturally more aggressive and strong than white men. Me:: No, it has to depend on the man, surely. Teacher :: Not really, no white man could... Me:: Your husband is 6ft tall well built and my dad is 5'7ft and very lean, your husband could wipe the floor with him. Teacher :: There are odd exceptions but, in general. I was 15, Secondary School, England 2001. Made me feel gobsmacked worried that I would be graded unfairly.
SAP_13456	Owner of my company opening up sexual harassment training class:: I don't believe in sexual harassment. I think it's just something made up by militant lesbians.
SAP_13465	Native Amerian Studies boils down to 'kill whitey'.
SAP_13467	Why can't you act like a normal person? You don't have Asperger's. There's nothing wrong with you. You're just looking for attention/excuses. If you'd just stop behaving so oddly, you wouldn't need to blame it on a disease.
SAP_13471	I don't want another woman boss. I already have a woman boss and she has me running around all the time.
SAP_13483	Are there really that many gay people?!
SAP_13491	Four-year-old boy:: Why did she get to walk in first? Dad:: Because she's a girl. And girls go first. Four-year-old boy:: Why? That's DUMB!' Dad:: Because girls need protecting from strong boys like you.
SAP_13496	One of my good friends from high school is black, but I don't really think of her as black because she told me she's white on the inside.
SAP_13501	Me:: I can't believe that someone could commit such a horrible crime. People can scare me sometimes. Guy:: You know, if black people don't want to be called criminals... Me:: I didn't say anything about what the man looked like. Guy:: [Silence]
SAP_13520	If you can keep your head whilst everyone else around you is losing their's...  Than you're probably in an Arabic country fighting for Isis.
SAP_13535	Untold Murder is risible, mulatto perjurer trying to convince the audience he knows something as opposed to reading from a New Scotland Yard script.
SAP_13556	I wonder if the jigaboos dancing on the football fields have finally realized when they stopped being a distraction, they took money out of their own pockets.
SAP_13586	Women are like wine: I can only afford the really cheap ones that have the big, ugly boxes that leak.
SAP_13593	The Jews use to laugh They thought it was just a joke They're not laughing now  -Adolf Hitler
SAP_13720	Notice there haven't been any #MeToo accusations made against Islamic Supremacists?
SAP_13727	the organizational and social strategy of 'dune coon' movements like Hezbollah and the Muslim Brotherhood are light years beyond the machinations of the white master race in virtual space, even if we adjust for contextual differences.
SAP_13731	If we'd known that they'd cause this much trouble we'd have picked the fucking cotton ourselves!
SAP_13737	Internment Camps are a good start for all illegals and muslims.....Round Ups immediately
SAP_13768	So I guess women are now being promoted to the level of the Jews:as long as one says something happened we have to believe it because not possible they would lie
SAP_13788	Also, I can't imagine anything more counterproductive than getting into fights with shit-tier niggers and other diversity when those aren't the people who have socially engineered the destruction of your homeland.
SAP_13802	"did you know Mexicans in Southern California actually use ""JAJAJA"" Instead of ""hahah"" pisses me off so much  #DEPORTALLOFTHEM"
SAP_13814	London police arrest two men in connection with the London Terrorist Bombing  One, 18 yrs old  One, 21 yrs old  Won't tell us who/what they ARE, but I can just about tell you who/what they AREN'T  White/European British Native Londoners IQ above room temperature Self-sufficient  Any takers at 10:1?
SAP_13857	Check out CBSN On Assignment on CBS at 9pm they are gonna tell moslem kids its not right to cut peoples heads off... could be funny
SAP_13877	To the women marching across the US today  Have as many abortions as you’d like  Boycott sperm  Get sterilized  Boycott the patriarchy  Kill yourselves in protest
SAP_13885	Today we celebrate a Jewish funded black communist who frequented gay orgies and read speeches written by his Jewish handlers  This is the equivalent of people 50 years from now getting the day off to celebrate deray who is another Jewish funded black faggot
SAP_15605	It's easy for them to multiply because their African genes are so incredibly pronounced .
SAP_15725	I think its funny , as a premed student there has n't been a black person within a hundred miles of any of my classes ever .
SAP_15813	If monkeys are on my property i call animal control and defend my family and property with whatever means possible , simply talking sense to a monkey and pointing at it will not stop it from misbehaving !
SAP_15858	Agreed, The Blacks and Hispanics should have their own school only for them and have worse education than the children whites like that might not compete with our children whites .
SAP_15948	Now now lets not discriminate between muslims and jews , I say get them all back to the middle east and turn the whole sand pit to radioactive glass .
SAP_16036	I Can tell you right now if a black mob is threatening my life and burning my town I 'm going to start shooting .
SAP_16564	How dare I suggest boys' suffering needs attention too
SAP_16578	I made a Chad tinder profile Females don't care how vulgar or disgusting you are when you're attractive, if I was to say the same things I've said to these people with my real picture they would call the cops on me  So far I've had 60 matches and none of them were disgusted by my messages, which were asking for sex straight up
SAP_16670	Why do women always show there curves Every time I walk down the street I catch myself stairing at a girls tits or ass why can't we be like Islamic country's where women where berkas
SAP_16706	Shower Thought: If feminism is cancer, is that why ladies afflicted with it often lose their hair?
SAP_16938	Normies live in constant fear because their girlfriends dress up slutty then drink their inhibition away alongside horny men on a weekly basis This is routine and encouraged in the degenerate west.
SAP_16968	"After watching the clip on ""Mansplaining"" I would like to introduce the term ""Vaginapology"" I believe this is self-explanatory."
SAP_16989	Brace yourself, Christmas is coming soon Get your GF now or they will run out of supply
SAP_17021	"There should be a modernized version of ""The Boy Who Cried Wolf"" called ""The Girl Who Cried Rape"""
SAP_17044	Every woman claims she was raped or sexually harassed in her past They are advertising their desirability to Chad.
SAP_17048	Women don't like being treated equally to men, sees having to pay child support as oppression.
SAP_17140	REMINDER: femoids would rather fuck ABUSIVE CHADS than an incel But don't forget that your personality is the problem.
SAP_17154	Seeing prostitutes is morally wrong, but being one is not Why do women defend prostitutes while at the same time judging men for seeing them?
SAP_17179	I wonder how many females I raped today I spent a lot of time on the subway as a sub 3 and inevitable looked at some females and might have made phisical contact when the train was full
SAP_17314	Having a criminal record is more attractive to women than having a PhD A violent alpha male is the ultimate sexual desire for women.
SAP_17343	Another advantage of being a female: getting by with your looks
SAP_17406	If men are so privileged and women have it so hard why are so many men choosing to live as females?
SAP_384	@NYRKelsMads  Dat damn dog eats betta den most colored folk do.
SAP_4525	Dicks are basically ar-15s Only disabled kids whip em out in class
SAP_4557	I have a black man in my family tree He’s still hanging there
SAP_4563	What's faster than a school full of black kids? A loaded gun.
SAP_4569	What did the jew say to the other jew? Jew: Is something burning?
SAP_4573	"Why did so many blacks die in combat during Vietnam? Every time the Sergeant yelled, ""GET DOWN!"" they would get up and dance."
SAP_4579	What's the difference between a jew and a piece of bread? The bread still works after it's been through the toaster
SAP_4591	What two kinds of people are totally different but always look the same? Asians and hepatitis patients
SAP_4597	I don't know why the Natives are so mad at us... I mean, we were so nice to them. We even gave them blankets!
SAP_4604	What's the difference between a Jew and a pizza? The pizza doesn't scream when it's put in the oven.
SAP_4614	I've just realized that Indians are an hybrid of white people and black people They are smart like a white man, work like a black man and they have brown skin like a mix of races
SAP_4618	People talk about how hard it is to be Black in America these days... But what about being white? Like fuck, we're actually almost on a level playing field. Our grandparents had it easy as shit.
SAP_4622	"Why was the pastor bad at slang? He took the saying, ""I feel you"" too literal."
SAP_4633	Why don't bookmakers take bets on the special Olympics? because they're all winners
SAP_4639	"I was sitting next to some really hot Thai girl on the bus today. All I could think to myself was,  ""Don't get an erection, don't get an erection!""   But she did."
SAP_4648	What do African teenagers and bad wizards have in common? They both don’t know how to spell
SAP_4654	"Wanna hear the biggest lie? ""Men and women deserve equal rights"""
SAP_4691	you may have a family that love you, real love, and that ever nagging resposibility that feels inescapable . still, once black, you never go back home to the kids
SAP_4712	"A gay guy, A black guy, and A Jew get hit by a bus They all appear in front of the gates of heaven. The Angel says. ""Welcome to Heaven!"" The three guys beg him for a second chance. The angel says,""I can only do it if you promised to give up what you love doing the most."" The three men immediately agreed to do that.  Suddenly, they're on the street and the bus is passing by. They cautiously cross the street, and continue walking, until they come across a car which has an open window and a purse. The gay guy says to the black guy, ""Don't do it man, you're stronger than that!"" But he reaches in anyway. Poof! Black guy disappears.  They continue walking until the Jew comes across a penny. He bends down with the gay guy behind him. Poof! Gay guy disappears."
SAP_4733	What's the difference between a woman and a car crash? A car crash won't kill you slowly.
SAP_4756	What's the best thing about being Ethiopian? You won't have to be for very long.
SAP_4764	What's the difference between heroin and a black person? Police care about people shooting heroin
SAP_4770	sluts dont have hormones they have whoremones
SAP_4816	What's the best thing that came out of Auschwitz? An empty train
SAP_4822	So blacks are the fastest runners and whites are the best swimmers, the polar ice caps are melting,   Evolution at work
SAP_4831	How to know if you're good at sports Your not good if your not black
SAP_4888	What do you call a black spider? No daddy long legs
SAP_4894	Just how Americans draw themselves slimmer. Japan does the same, they make anime have giant eyes while in reality they can’t see what their drawing
SAP_4918	What do bikes and black men have in common? The chain
SAP_4926	Whats worse than a Jason Aldean concert? Being black
SAP_4948	"Secret Language During the holocaust the Jews had a secret language they used to speak... it went something like this, ""OH MY GOD! I'M BURNING ALIVE"""
SAP_4955	Aan indian was taking a dump and died. Strange, isn't it?? He didn't pay attention to the train heading towards him...
SAP_4961	So I failed to get accepted at Harvard. So I worked in a coal mine for a while, and one day forgot to shower after work. I visited Harvard again then I got accepted.
SAP_4970	What do you call winning battle royale in China? Winner Winner Dog dinner
SAP_4984	What is the fastest way to get jewish guests out of your house? vacuum cleaner
SAP_4990	Muslims aren't terrorists They just want to die on their own terms but don't want to do it alone.
SAP_4999	What did the black, blind, deaf and mute kid get for christmas? Aids.
SAP_5017	What would you call an Arab with a wooden leg? A sticky bomb.
SAP_5025	I wish my grass was emo... So it could cut itself.
SAP_5030	How do you pick up black girls? You burn their village, chain them up and raise the anchors.
SAP_5039	How do you stop black guys from hanging out in front of your house? Cut the rope.
SAP_5052	What do you say to a woman with two black eyes? Nothing, you already told her twice.
SAP_5059	Where do jews go when they die? Out the chimney.
SAP_5080	What do you call two Mexicans playing basketball? Juan on Juan
SAP_5096	"A black guy finds a genie in a bottle Any three wishes he had would be granted, the genie informed him. ""I wanna be rich,"" said the black guy. The back yard filled up with chests of gold coins and jewels in the blink of an eye. ""I'm no fool,"" said the black guy. ""I wanna be white."" And there he stood, white, blonde-haired and blue-eyed. ""Last but not least, I never want to work another day in my life."" And he turned black again."
SAP_5103	What's the difference between a black person and a bicycle? The bicycle doesn't start singing when you put chains on it.
SAP_5114	What do babies and black people have in common? Theyre both good for target practice
SAP_5126	How do you name a jew pokémon trainer Ash
SAP_5141	What do jews and meat have in common? They're both better cooked
SAP_5164	A wife is killed after a car drives through her living room and kills her. Who's fault is it? The wife's because she should've been in the kitchen
SAP_5181	Finally something positive I found of the Ethiopians HIV
SAP_5185	"Everyone is so politically correct these days... You can't even say ""black paint!"" You have to say ""tyrone can you paint that wall please?"""
SAP_5194	What place do black people like to be peaceful? In their coffin.
SAP_5203	Recent medical studies shows that obesity can cause lots of problems in pregnant women. I think there’s nothing to worry about it. If a woman is obese, she won’t be pregnant in the first place.
SAP_5295	What's the difference between a black person and a chicken? One's free range
SAP_5301	Why do police officers never get incarcerated for shooting unarmed black men? Because animal cruelty is not punishable by jail time.
SAP_5319	Why is chinese the best race? They can do everything with their eyes closed.
SAP_5326	What's A Jew's Biggest Fear? Taking a shower.
SAP_5339	What did God say when he made the first black person? Dammit, I burnt one.
SAP_5350	How do you stop a Jewish man from smoking? You let him out.
SAP_5356	What's the difference between a black person and a bucket of shit? The bucket.
SAP_5379	What separates man from animal? The Mediterranean.
SAP_5414	Why don't Africans need help? They already have aids.
SAP_5428	Why are black men good at basketball? The whole point is to run, shoot and steal. Oh and their knee grows.
SAP_5449	More than one-third of Africa lacks clean water. I guess black people will even steal from their own kind.
SAP_5490	What do you get when you add 1 + 1? The average Ethiopian lifespan.
SAP_5514	What do you feel when you see a black man running? The recoil
SAP_5523	I’m starving and scared That I might offend Africans because I’m culturally appropriating them
SAP_5543	Why are paracetamol white??? Because they work
SAP_5595	What is the difference between Santa Claus and jews? Santa comes down the chimney.
SAP_5607	This joke is like a Veitnamese factory worker It makes no cents
SAP_5611	"Kitchen appliances salesman to the Jewish man.. ""Sir would you like a tour to the new LG oven ?"""
SAP_5631	Africans actually have more of some things. Like infant mortality.
SAP_5647	How many Jews does it take to cook a dinner? Two. One in the fire, one above the fire.
SAP_5679	Society is like a box of chocolates There are more browns than whites and the blacks are usually never touched.
SAP_5685	How long does it take a black woman to take a dump? 9 months
SAP_5691	Whats the difference between a blonde and an elevator? You dont even have to press a button for her to open up.
SAP_5695	Have you ever had Ethiopian cuisine? Neither have they.
SAP_5711	"My son pointed at a homeless man and said ""Human waste!!"" I was so ashamed and embarrassed I told him its ""waste of a human"". Kids are so dumb."
SAP_5718	What do you call a burnt chicken nugget? A nigget
SAP_5724	I overheard someone saying a black man stole a motorcycle out of a garage. I ran home to see if mine was still there. Yupp still chained to the wall. Singing and all.
SAP_5743	What is the difference between the highway at rush hour and the line at KFC? Nothing, they are both black and dangerous to cut through
SAP_5797	My girlfriend broke up with me for stealing her wheelchair  I know she'll come crawling back eventually
SAP_5817	what did the black kid get his friend for his birthday? my bike.
SAP_5829	Hitler was a good doctor. He cured tons of disabilities.
SAP_5881	What do you call a Muslim emperor? Napoleon Blownaparte
SAP_5894	Why do black people only have nightmares? Because we killed the only one with a dream
SAP_5903	I don’t think I’m racist I love black people I think every family should have one
SAP_5925	What do you call a fight between a mexican and a child molester? Alien vs Predator
SAP_5940	Where do people in China buy their groceries? Pets at Home.
SAP_5946	A black man and a jew jump off a building. Who lands first No one cares
SAP_5958	How does a black guy Send mail? With food stamps
SAP_6018	Africa is really boring during Halloween Everyone's a skeleton
SAP_6040	Since Harriet tubman is on the 20 dollar bill now, is it worth 3/5 of a 20 now?
SAP_6055	What do you call a white girl who’s faster than her brothers? A redneck virgin
SAP_6074	I have blue eyes. I got them from my dad. My mum has black eyes.  She also got them from my dad.
SAP_6113	What's the difference between a black man and a pizza? A pizza can feed a family of four
SAP_6121	Where are Jews most found? In the atmosphere.
SAP_6155	What do you call a picture of smoke? A Jewish family photo
SAP_6171	Why do black rappers always wear jewelry? The chains remind them of were they came from.
SAP_6180	It doesn't matter suicide rates are going up in Black communities, The race was killing itself anyway.
SAP_6187	What’s the difference between science and religion? Science will fly you to mars. Religion will fly you into a skyscraper
SAP_6191	whats a gay guys favorite restaurant? five guys
SAP_6205	What’s the difference between black people and communism? People thought communism could work.
SAP_6214	Why are all women left handed? Because they don't have rights.
SAP_6229	Whats tougher than a white man roaming the streets of Compton.... A dog roaming the streets of China
SAP_6244	Why don't Asians like Monopoly? They can't buy any of the corners to turn into a shop.
SAP_6308	Black people are nothing like monkeys because at least monkeys are well behaved
SAP_6320	What’s the best part of being a doctor? Vegetables don’t need to give consent.
SAP_6324	"Why does Beyoncé always sing ""To the left, to the left"" Because black people have no rights."
SAP_6328	What's a 1000 meters long and has an IQ of 68? A black lives matter parade.
SAP_6337	I had some “Muslim Fried Chicken” the other day. It was exploding with flavour.
SAP_6344	I painted my computer black hoping it’d run faster, but now it doesn’t work.
SAP_6360	How do Autists deal with school? With a reeeeeeeeee-volver
SAP_6384	What do you call two chimps that fall in love? Black people.
SAP_6390	How do you know if a black girl is pregnant? The cotton is picked off the tampon
SAP_6414	A black guy and Mexican were in a car, Who is driving? The Cop
SAP_6418	Pennies are brown because they’re worth almost nothing and cost more to manufacture than what they’re worth.
SAP_6447	What do you call a white guy surrounded by a thousand black guys? A warden
SAP_6492	What's the difference between a feminist and a knife? A knife has a point.
SAP_6517	Hitler just suck at running He cant even finish a race
SAP_6566	What do you get when throw a Molotov cocktail into a gay pride parade? An LGBTQBBQ
SAP_6579	Well today in school i farted infront of my Jewish friend And when he looked at me i said sorry  Its a little gas it wont kill anybody
SAP_6601	What’s blue and white and red all over? A cop at a BLM rally.
SAP_6604	Why do Puerto Ricans hang the Puerto Rican flag in their car? So they dont steal from each other.
SAP_6610	A black man walks into a bar with a parrot on his shoulder. Bar tender goes he man that's neat where did you get that?   The parrot says Africa there all over the fucking place!
SAP_6621	What do White people get in return for letting Blacks have Black heritage month? Father's Day
SAP_6656	Why do white people have such a pleasant scent? So blind people can distinguish them from animals too.
SAP_6674	How do you call a car thief that can't drive? A black woman.
SAP_6693	What do you call it when you throw a Molotov cocktail into the special-ed room? Hot potato
SAP_6711	To all the black kids without fathers, don't be so upset. In a few years, you'll get to meet them when you go to prison.
SAP_6835	What do you call a black person on top of a church? Holy shit
SAP_6854	What's the difference between black dad's and boomerangs Boomerangs are expensive
SAP_6865	Boomerangs are like dads... The black ones don't come back.
SAP_6871	Why did I get a white car? So it would actually work!
SAP_6873	You know the only good thing about being a Jewish chimney sweeper in Auschwitz? You get to have all your family and friends around you.
SAP_6883	Gay Muslims are the horniest. They blow the entire neighborhood.
SAP_6895	What do blacks and this thread have in common? Both are gonna get locked up
SAP_6902	Blacks are a lot like apples After all, it's just natural for them to hang from trees
SAP_6910	Why are jews ok with holocaust jokes? Because they're used to being roasted
SAP_6914	What's the difference between a dog and a pizza? One can feed a family of four Asian people.
SAP_6958	A white man and a black man play hide and seek at night. Who has the advantage? The white man, as the cops are on his side.
SAP_6970	How do you get 20 jews in the back seat of a Volkswagen? Toss a $50 in the back seat
SAP_6977	Why are black people so fast? The slow ones are in the prison.
SAP_6983	People are like jelly beans... No one likes the black ones
SAP_6989	How come there aren't any Mexicans in Star Trek? They don't work in the future either.
SAP_7001	My sense of humour is so dark It pays child support
SAP_7070	Why do black people have white on their palms and the soles of their feet? Everybody has a little bit of good in them.
SAP_7097	What do you call a black guy with half a brain? Gifted
SAP_7103	Do you want to know how a depressed person can beat depression quick? Just give them a chair and a rope, the depression will be gone in a matter of minutes!
SAP_7146	What do Muslims have in common with Darth Vader? They both offer you to come to the dark side before killing you
SAP_7170	What does a black guy and a basketball have in common? They both get shot
SAP_7177	What do you call a bunch of Muslim superheroes? Suicide squad
SAP_7206	What do you call the citizens of Hiroshima? Fried Rice
SAP_7217	Why don't blacks celebrate Thanksgiving? Because KFC is not open on holidays!
SAP_7240	What are the advantages of being blacc? You can attend a funeral naked...
SAP_7247	What have parents and pizzas in common? When they're black, there's no food.
SAP_7265	What’s the same about a black person and a school? They both get shot up by white people.
SAP_7271	What's Hitler's favorite breakfast beverage? Freshly squeezed orange jews.
SAP_7288	What do you get when you put a gay Canadian flight attendant in the same room as a monkey? An aids epidemic.
SAP_7296	What does a redneck girl say when she meets her first lover? Hi dad!
SAP_7321	How dark is my humour? It picks cotton.
SAP_7328	I love the Legend of Zelda games. Name the games after the girl so she feels important, but has next-to-no involvement whatsoever in them.
SAP_7332	a jew and a black are about to get shot, who dies first the jew had coins as body armor while the black dude had child support papers to protect himself
SAP_7370	You know what they say Once you go black your a single mother
SAP_7386	I asked a Jewish girl for her number.. And she rolled up her sleeve
SAP_7398	I have no doubt that Jesus was a black man. Just like in the case of black dads, everyone is waiting for his second coming.
SAP_7458	My humour is so dark that cops are beating it
SAP_7465	Why don't Africans play on Minecraft servers? They're on the blacklist
SAP_7489	What is the only football team a black person can join? The stealers.
SAP_7495	What’s the difference between a black man and park bench? A park bench can support a family of 4
SAP_7501	Why do black people like basketball? Because they can shoot, steal and drive.
SAP_7549	Did you hear about the two car pile up in Mexico? 200 Mexicans died.
SAP_7553	“I think a lot, but I don’t say much.” ~ Anne Frank But lately she’s been proven to have not said anything for almost a century
SAP_7558	Japanese people are bad pilots They always crash into ships
SAP_7562	What do brick sidewalks and fat women have in common They both get laid by mexicans
SAP_7573	what do you call a jew that jumps out of a plane a falling star
SAP_7575	If a woman is in a forest and there is no one around to hear her. Is she still wrong?
SAP_7592	What happens when God lowers the graphics and increases the difficulty ? We all turn black.
SAP_7616	Don’t bully people with obesity! I’m being serious guys, they already have enough on their pl8!
SAP_7642	What did the black girl get after having an abortion? $500 from crime stoppers
SAP_7677	Whats the best part of an ISIS joke? The Execution
SAP_7697	What does black Fred Flintstone say? I yabba dabba dindu nuthin
SAP_7706	"How are people with mental disabilities similar to electronic products? Sometimes they are, ""batteries not included"""
SAP_7725	Which Magic Wand can only make Men disappear? Pregnancy Test Sticks
SAP_7727	Why are the dogs in china really fast? the slow ones were eaten
SAP_7733	How dark is my humor Dark enough to get six warning shots in the back
SAP_7764	What's the difference between a black person and a couch? The couch can support a family
SAP_9421	How does a Mexican family take a photo together? They get in the back of a truck and run a red light.
SAP_9427	Why is all medicine white? Blacks don't work
SAP_9461	Wanna hear a joke? Black Lives Matter
SAP_9481	Whats a word that begins with N ends in R and you should never call a black person? Neighbor
SAP_9485	What Do You Call It When An Ethiopian Baby Cries? A mid-life crisis
SAP_9539	"How do you always win an argument against a black person? Call him ""Dad"" and he'll run away."
SAP_9550	Why are black fathers and Shaq's free throw attempts the same? They're always missing.
SAP_9572	What’s the most common fish in the Mediterranean Sea? The Syrian refugee
SAP_9589	Name one positive about Africa. The HIV Tests.
SAP_9613	What do you do when you see a black guy on stage? You raise your hand to bid on him.
SAP_9632	What’s the difference between Harry Potter and the Jews? Harry was looking for the chamber
SAP_9648	What do you call four Mexicans in quick sand? Quattro sinko
SAP_9674	What's the difference between a black man and property? I don't know.
SAP_9686	I reported a video on YouTube for animal abuse My report got rejected; it was footage of a black man being beaten
SAP_9692	What's a Jew's favorite book? Gone with the wind.
SAP_9698	"Why are your mom jokes not your dad jokes? Because the creator of the first ""your mom"" joke was black"
SAP_9710	The reason I date a black girl So I don't have to meet her dad
SAP_9729	What do you call an educated woman? Intellectual property
SAP_9741	a black man with a parrot enters a bar the bartender asks where did you get it africa answers the parrot
SAP_9751	What's Hitler's favorite time of the year Gas season
SAP_9757	What do apples and black people both have in common? They both hang from trees
SAP_9775	If you can stop a comma with a period point, what do you use to stop a coma? A hollow-point.
SAP_9795	What's the difference between heroine and a black person? I think twice about shooting heroin.
SAP_9817	Where could you find a quadriplegic? Where you left him.
SAP_9827	Yall need to chill. Racism is a crime. And crime is for black people
SAP_9843	What happens when you roast the quiet Asian kid? Your pet goes missing.
SAP_9849	I got a handjob from a blind girl, my friend asked me how was it I replied “Ah blind girls—you have to hand it to them”
SAP_9863	How was the Grand Canyon created? A jew dropped a penny in a mole-hole
SAP_9875	Muslim kids... They blow up so fast.
SAP_9887	If only Africa had more mosquito nets If only Africa had more mosquito nets then every year we could save millions of mosquitoes from dying needlessly from AIDs.
SAP_9903	How do you stop black kids from jumping on the bed? Put Velcro on the ceiling
SAP_9951	What's one thing you never say to a school shooter Think of the children
SAP_9953	How do you get a black man out of a tree? Cut the rope.
SAP_9960	Helen Keller walked into a bar and then a chair, and then a table
SAP_9962	Why do sumo wrestlers shave their legs? So that people don't confuse them for feminists.
SAP_9966	What's the difference between a black slave and a black surfer? One hangs high and the other hangs loose.
SAP_9989	"Why did Beyonce say ""to the left,to the left""? Because black people have no rights."
